Date;Close;Open;High;Low;Volume;Adj Close
04/22/2020;100.39;100.21;100.50;99.90;;100.39
04/21/2020;100.26;99.94;100.48;99.93;;100.26
04/20/2020;99.96;99.71;100.07;99.65;;99.96
04/17/2020;99.78;99.86;100.29;99.62;;99.78
04/16/2020;100.03;99.63;100.30;99.61;;100.03
04/15/2020;99.46;98.82;99.98;98.82;;99.46
04/14/2020;98.89;99.38;99.43;98.82;;98.89
04/13/2020;99.35;99.49;99.63;99.14;;99.35
04/10/2020;99.52;99.58;99.63;99.36;;99.52
04/09/2020;99.52;100.13;100.30;99.36;;99.52
04/08/2020;100.12;99.91;100.43;99.90;;100.12
04/07/2020;99.90;100.75;100.79;99.77;;99.90
04/06/2020;100.68;100.66;100.93;100.47;;100.68
04/03/2020;100.58;100.20;100.85;100.14;;100.58
04/02/2020;100.18;99.51;100.41;99.33;;100.18
04/01/2020;99.67;99.01;99.84;98.91;;99.67
03/31/2020;99.05;99.25;99.95;98.89;;99.05
03/30/2020;99.18;98.31;99.32;98.29;;99.18
03/27/2020;98.36;99.29;99.81;98.27;;98.36
03/26/2020;99.35;100.96;101.02;99.24;;99.35
03/25/2020;101.05;101.60;101.91;100.84;;101.05
03/24/2020;102.04;102.13;102.21;101.05;;102.04
03/23/2020;102.49;101.95;102.98;101.65;;102.49
03/20/2020;102.82;102.94;102.99;101.09;;102.82
03/19/2020;102.75;100.79;102.94;100.77;;102.75
03/18/2020;101.16;99.38;101.74;99.15;;101.16
03/17/2020;99.57;98.14;99.83;97.98;;99.57
03/16/2020;98.07;98.70;98.70;97.45;;98.07
03/13/2020;98.75;97.45;98.81;97.33;;98.75
03/12/2020;97.47;96.65;98.31;96.08;;97.47
03/11/2020;96.51;96.33;96.69;95.91;;96.51
03/10/2020;96.41;95.34;96.58;95.23;;96.41
03/09/2020;94.89;96.11;95.79;94.65;;94.89
03/06/2020;95.95;96.61;96.70;95.71;;95.95
03/05/2020;96.82;97.38;97.44;96.51;;96.82
03/04/2020;97.34;97.17;97.59;97.12;;97.34
03/03/2020;97.15;97.56;97.69;96.98;;97.15
03/02/2020;97.36;98.12;98.12;97.18;;97.36
02/28/2020;98.13;98.42;98.66;97.96;;98.13
02/27/2020;98.51;99.02;99.05;98.36;;98.51
02/26/2020;99.00;99.08;99.27;98.91;;99.00
02/25/2020;98.97;99.33;99.39;98.88;;98.97
02/24/2020;99.36;99.34;99.64;99.11;;99.36
02/21/2020;99.26;99.86;99.87;99.23;;99.26
02/20/2020;99.86;99.54;99.91;99.53;;99.86
02/19/2020;99.71;99.43;99.72;99.38;;99.71
02/18/2020;99.44;99.19;99.47;99.14;;99.44
02/17/2020;99.00;99.16;99.21;99.00;;99.00
02/14/2020;99.12;99.12;99.17;99.00;;99.12
02/13/2020;99.07;98.99;99.11;98.85;;99.07
02/12/2020;99.05;98.77;99.05;98.71;;99.05
02/11/2020;98.72;98.86;98.95;98.71;;98.72
02/10/2020;98.83;98.70;98.88;98.60;;98.83
02/07/2020;98.68;98.46;98.72;98.42;;98.68
02/06/2020;98.50;98.29;98.57;98.21;;98.50
02/05/2020;98.30;97.94;98.32;97.90;;98.30
02/04/2020;97.96;97.82;98.01;97.79;;97.96
02/03/2020;97.80;97.37;97.89;97.37;;97.80
01/31/2020;97.39;97.87;97.97;97.35;;97.39
01/30/2020;97.87;98.03;98.07;97.79;;97.87
01/29/2020;97.99;97.95;98.19;97.94;;97.99
01/28/2020;98.02;97.95;98.16;97.90;;98.02
01/27/2020;97.96;97.88;98.00;97.78;;97.96
01/24/2020;97.85;97.72;97.95;97.67;;97.85
01/23/2020;97.69;97.48;97.80;97.43;;97.69
01/22/2020;97.53;97.62;97.69;97.44;;97.53
01/21/2020;97.53;97.63;97.66;97.39;;97.53
01/20/2020;97.61;97.64;97.73;97.58;;97.61
01/17/2020;97.64;97.30;97.66;97.27;;97.64
01/16/2020;97.32;97.18;97.36;97.08;;97.32
01/15/2020;97.23;97.38;97.44;97.16;;97.23
01/14/2020;97.37;97.36;97.56;97.33;;97.37
01/13/2020;97.34;97.35;97.53;97.31;;97.34
01/10/2020;97.36;97.43;97.58;97.30;;97.36
01/09/2020;97.45;97.27;97.56;97.25;;97.45
01/08/2020;97.30;96.83;97.35;96.82;;97.30
01/07/2020;97.00;96.65;97.09;96.62;;97.00
01/06/2020;96.67;96.90;96.90;96.54;;96.67
01/03/2020;96.84;96.79;97.11;96.71;;96.84
01/02/2020;96.85;96.48;96.87;96.42;;96.85
01/01/2020;96.39;96.50;97.10;96.39;;96.39
12/31/2019;96.39;96.73;96.73;96.36;;96.39
12/30/2019;96.74;97.02;97.02;96.61;;96.74
12/27/2019;96.92;97.54;97.55;96.92;;96.92
12/26/2019;97.53;97.62;97.71;97.49;;97.53
12/25/2019;97.65;97.67;97.73;97.35;;97.65
12/24/2019;97.65;97.66;97.80;97.61;;97.65
12/23/2019;97.66;97.67;97.82;97.58;;97.66
12/20/2019;97.69;97.39;97.76;97.38;;97.69
12/19/2019;97.38;97.40;97.49;97.22;;97.38
12/18/2019;97.40;97.23;97.47;97.22;;97.40
12/17/2019;97.22;97.14;97.30;97.03;;97.22
12/16/2019;97.02;97.18;97.18;96.93;;97.02
12/13/2019;97.17;96.78;97.24;96.72;;97.17
12/12/2019;97.40;97.08;97.52;96.59;;97.40
12/11/2019;97.08;97.51;97.60;97.04;;97.08
12/10/2019;97.41;97.65;97.66;97.40;;97.41
12/09/2019;97.64;97.68;97.72;97.56;;97.64
12/06/2019;97.70;97.38;97.84;97.36;;97.70
12/05/2019;97.41;97.59;97.59;97.36;;97.41
12/04/2019;97.65;97.71;97.79;97.43;;97.65
12/03/2019;97.74;97.89;97.94;97.64;;97.74
12/02/2019;97.86;98.27;98.38;97.81;;97.86
11/29/2019;98.27;98.34;98.54;98.22;;98.27
11/28/2019;98.37;98.33;98.40;98.26;;98.37
11/27/2019;98.37;98.30;98.44;98.28;;98.37
11/26/2019;98.25;98.33;98.38;98.23;;98.25
11/25/2019;98.32;98.27;98.38;98.17;;98.32
11/22/2019;98.27;97.93;98.31;97.84;;98.27
11/21/2019;97.99;97.86;98.03;97.73;;97.99
11/20/2019;97.93;97.84;98.04;97.84;;97.93
11/19/2019;97.86;97.81;97.89;97.75;;97.86
11/18/2019;97.79;97.98;97.98;97.68;;97.79
11/15/2019;98.00;98.17;98.23;97.96;;98.00
11/14/2019;98.16;98.34;98.42;98.11;;98.16
11/13/2019;98.37;98.33;98.45;98.29;;98.37
11/12/2019;98.31;98.21;98.42;98.21;;98.31
11/11/2019;98.20;98.37;98.38;98.13;;98.20
11/08/2019;98.35;98.14;98.40;98.10;;98.35
11/07/2019;98.14;97.95;98.23;97.82;;98.14
11/06/2019;97.95;97.94;97.98;97.78;;97.95
11/05/2019;97.98;97.55;98.01;97.47;;97.98
11/04/2019;97.50;97.22;97.58;97.17;;97.50
11/01/2019;97.24;97.30;97.45;97.11;;97.24
10/31/2019;97.35;97.44;97.45;97.22;;97.35
10/30/2019;97.65;97.67;98.00;97.45;;97.65
10/29/2019;97.69;97.75;97.93;97.61;;97.69
10/28/2019;97.76;97.85;97.89;97.67;;97.76
10/25/2019;97.83;97.69;97.90;97.57;;97.83
10/24/2019;97.63;97.46;97.78;97.28;;97.63
10/23/2019;97.49;97.49;97.65;97.42;;97.49
10/22/2019;97.53;97.31;97.57;97.26;;97.53
10/21/2019;97.33;97.34;97.40;97.15;;97.33
10/18/2019;97.28;97.60;97.66;97.14;;97.28
10/17/2019;97.61;97.99;98.11;97.50;;97.61
10/16/2019;98.00;98.32;98.42;97.90;;98.00
10/15/2019;98.29;98.45;98.64;98.21;;98.29
10/14/2019;98.45;98.36;98.53;98.34;;98.45
10/11/2019;98.30;98.70;98.74;98.20;;98.30
10/10/2019;98.70;98.98;99.07;98.62;;98.70
10/09/2019;99.12;99.09;99.16;98.90;;99.12
10/08/2019;99.13;98.98;99.25;98.85;;99.13
10/07/2019;98.97;98.82;99.00;98.74;;98.97
10/04/2019;98.81;98.87;99.00;98.73;;98.81
10/03/2019;98.86;99.03;99.19;98.64;;98.86
10/02/2019;99.02;99.16;99.42;98.96;;99.02
10/01/2019;99.13;99.40;99.67;99.07;;99.13
09/30/2019;99.38;99.12;99.46;99.05;;99.38
09/27/2019;99.11;99.19;99.31;98.99;;99.11
09/26/2019;99.13;98.96;99.28;98.84;;99.13
09/25/2019;99.04;98.38;99.06;98.36;;99.04
09/24/2019;98.34;98.64;98.70;98.29;;98.34
09/23/2019;98.60;98.51;98.83;98.45;;98.60
09/20/2019;98.51;98.34;98.64;98.14;;98.51
09/19/2019;98.27;98.57;98.62;98.20;;98.27
09/18/2019;98.56;98.21;98.69;98.19;;98.56
09/17/2019;98.26;98.65;98.74;98.19;;98.26
09/16/2019;98.61;98.12;98.71;98.03;;98.61
09/13/2019;98.26;98.41;98.43;97.86;;98.26
09/12/2019;98.31;98.63;99.10;98.19;;98.31
09/11/2019;98.64;98.33;98.75;97.86;;98.64
09/10/2019;98.33;98.33;98.46;98.26;;98.33
09/09/2019;98.28;98.42;98.51;98.14;;98.28
09/06/2019;98.39;98.42;98.52;98.01;;98.39
09/05/2019;98.41;98.40;98.53;98.08;;98.41
09/04/2019;98.45;98.96;98.97;98.39;;98.45
09/03/2019;99.00;99.08;99.37;98.92;;99.00
09/02/2019;98.92;98.83;99.13;98.81;;98.92
08/30/2019;98.92;98.43;99.02;98.41;;98.92
08/29/2019;98.51;98.19;98.55;98.16;;98.51
08/28/2019;98.21;98.01;98.26;98.00;;98.21
08/27/2019;98.00;98.05;98.05;97.86;;98.00
08/26/2019;98.08;97.59;98.09;97.48;;98.08
08/23/2019;97.64;98.19;98.45;97.17;;97.64
08/22/2019;98.17;98.25;98.39;98.08;;98.17
08/21/2019;98.30;98.17;98.33;97.95;;98.30
08/20/2019;98.19;98.36;98.45;98.12;;98.19
08/19/2019;98.35;98.17;98.39;98.13;;98.35
08/16/2019;98.14;98.13;98.34;98.11;;98.14
08/15/2019;98.14;97.95;98.24;97.82;;98.14
08/14/2019;97.99;97.80;98.05;97.67;;97.99
08/13/2019;97.81;97.48;97.85;97.32;;97.81
08/12/2019;97.38;97.53;97.74;97.32;;97.38
08/09/2019;97.49;97.57;97.64;97.03;;97.49
08/08/2019;97.62;97.60;97.74;97.43;;97.62
08/07/2019;97.54;97.56;97.85;97.31;;97.54
08/06/2019;97.63;97.25;97.77;97.21;;97.63
08/05/2019;97.52;98.11;98.14;97.38;;97.52
08/02/2019;98.07;98.41;98.45;98.05;;98.07
08/01/2019;98.37;98.59;98.93;98.27;;98.37
07/31/2019;98.52;98.03;98.68;98.00;;98.52
07/30/2019;98.05;98.07;98.21;98.02;;98.05
07/29/2019;98.04;97.99;98.17;97.90;;98.04
07/26/2019;98.01;97.79;98.09;97.76;;98.01
07/25/2019;97.82;97.69;97.92;97.50;;97.82
07/24/2019;97.73;97.72;97.81;97.55;;97.73
07/23/2019;97.70;97.30;97.74;97.30;;97.70
07/22/2019;97.26;97.14;97.30;97.13;;97.26
07/19/2019;97.15;96.82;97.29;96.76;;97.15
07/18/2019;96.79;97.19;97.26;96.67;;96.79
07/17/2019;97.22;97.36;97.44;97.16;;97.22
07/16/2019;97.39;96.92;97.44;96.92;;97.39
07/15/2019;96.93;96.84;96.97;96.75;;96.93
07/12/2019;96.81;97.08;97.12;96.72;;96.81
07/11/2019;97.05;97.06;97.15;96.80;;97.05
07/10/2019;97.10;97.51;97.55;97.03;;97.10
07/09/2019;97.49;97.38;97.59;97.36;;97.49
07/08/2019;97.38;97.23;97.42;97.16;;97.38
07/05/2019;97.29;96.72;97.44;96.72;;97.29
07/04/2019;96.77;96.71;96.81;96.66;;96.77
07/03/2019;96.77;96.73;96.87;96.59;;96.77
07/02/2019;96.73;96.81;96.88;96.60;;96.73
07/01/2019;96.84;96.25;96.87;96.25;;96.84
06/28/2019;96.13;96.19;96.30;96.02;;96.13
06/27/2019;96.19;96.17;96.39;96.14;;96.19
06/26/2019;96.21;96.18;96.34;96.07;;96.21
06/25/2019;96.14;96.00;96.36;95.84;;96.14
06/24/2019;95.98;96.18;96.20;95.97;;95.98
06/21/2019;96.22;96.62;96.71;96.09;;96.22
06/20/2019;96.63;97.17;97.20;96.57;;96.63
06/19/2019;97.12;97.63;97.68;97.09;;97.12
06/18/2019;97.64;97.53;97.77;97.37;;97.64
06/17/2019;97.56;97.52;97.60;97.34;;97.56
06/14/2019;97.57;97.01;97.58;96.94;;97.57
06/13/2019;97.01;96.96;97.08;96.87;;97.01
06/12/2019;97.00;96.71;97.02;96.58;;97.00
06/11/2019;96.69;96.75;96.88;96.64;;96.69
06/10/2019;96.76;96.64;96.94;96.63;;96.76
06/07/2019;96.54;97.01;97.18;96.46;;96.54
06/06/2019;97.04;97.29;97.35;96.78;;97.04
06/05/2019;97.32;97.12;97.37;96.75;;97.32
06/04/2019;97.07;97.21;97.33;97.00;;97.07
06/03/2019;97.14;97.64;97.80;97.11;;97.14
05/31/2019;97.75;98.15;98.17;97.61;;97.75
05/30/2019;98.14;98.13;98.28;98.09;;98.14
05/29/2019;98.14;97.92;98.21;97.86;;98.14
05/28/2019;97.95;97.74;97.98;97.70;;97.95
05/27/2019;97.61;97.57;97.79;97.55;;97.61
05/24/2019;97.61;97.83;97.91;97.55;;97.61
05/23/2019;97.86;98.06;98.37;97.81;;97.86
05/22/2019;98.04;98.02;98.12;97.89;;98.04
05/21/2019;98.06;97.92;98.13;97.82;;98.06
05/20/2019;97.93;97.96;98.04;97.88;;97.93
05/17/2019;98.00;97.83;98.03;97.77;;98.00
05/16/2019;97.86;97.54;97.88;97.44;;97.86
05/15/2019;97.57;97.53;97.70;97.44;;97.57
05/14/2019;97.53;97.32;97.56;97.27;;97.53
05/13/2019;97.32;97.30;97.38;97.03;;97.32
05/10/2019;97.33;97.43;97.45;97.13;;97.33
05/09/2019;97.37;97.58;97.70;97.24;;97.37
05/08/2019;97.62;97.57;97.68;97.42;;97.62
05/07/2019;97.63;97.52;97.74;97.38;;97.63
05/06/2019;97.52;97.56;97.70;97.46;;97.52
05/03/2019;97.52;97.83;98.10;97.41;;97.52
05/02/2019;97.83;97.63;97.85;97.51;;97.83
05/01/2019;97.69;97.53;97.73;97.15;;97.69
04/30/2019;97.48;97.84;97.89;97.44;;97.48
04/29/2019;97.86;98.03;98.10;97.83;;97.86
04/26/2019;98.01;98.12;98.33;97.85;;98.01
04/25/2019;98.20;98.10;98.32;97.99;;98.20
04/24/2019;98.17;97.59;98.19;97.59;;98.17
04/23/2019;97.64;97.28;97.78;97.28;;97.64
04/22/2019;97.29;97.38;97.41;97.26;;97.29
04/19/2019;97.38;97.42;97.43;97.33;;97.38
04/18/2019;97.47;97.01;97.48;96.96;;97.47
04/17/2019;97.01;97.07;97.12;96.82;;97.01
04/16/2019;97.04;96.93;97.09;96.88;;97.04
04/15/2019;96.94;96.92;96.96;96.79;;96.94
04/12/2019;96.97;97.14;97.18;96.75;;96.97
04/11/2019;97.18;96.89;97.19;96.88;;97.18
04/10/2019;96.95;96.99;97.22;96.85;;96.95
04/09/2019;97.01;97.08;97.08;96.86;;97.01
04/08/2019;97.05;97.39;97.40;96.98;;97.05
04/05/2019;97.39;97.30;97.47;97.19;;97.39
04/04/2019;97.31;97.04;97.34;97.02;;97.31
04/03/2019;97.09;97.30;97.32;96.96;;97.09
04/02/2019;97.36;97.33;97.52;97.27;;97.36
04/01/2019;97.23;97.18;97.39;97.03;;97.23
03/29/2019;97.28;97.20;97.34;97.00;;97.28
03/28/2019;97.20;96.97;97.30;96.82;;97.20
03/27/2019;96.77;96.75;96.98;96.68;;96.77
03/26/2019;96.74;96.50;96.84;96.45;;96.74
03/25/2019;96.57;96.64;96.68;96.41;;96.57
03/22/2019;96.65;96.32;96.81;96.21;;96.65
03/21/2019;96.50;95.91;96.62;95.84;;96.50
03/20/2019;95.76;96.40;96.57;95.74;;95.76
03/19/2019;96.38;96.51;96.52;96.29;;96.38
03/18/2019;96.52;96.56;96.63;96.38;;96.52
03/15/2019;96.59;96.72;96.79;96.49;;96.59
03/14/2019;96.78;96.49;96.82;96.47;;96.78
03/13/2019;96.55;97.01;97.02;96.39;;96.55
03/12/2019;96.94;97.05;97.28;96.86;;96.94
03/11/2019;97.22;97.39;97.45;96.92;;97.22
03/08/2019;97.31;97.61;97.64;97.25;;97.31
03/07/2019;97.67;96.83;97.71;96.81;;97.67
03/06/2019;96.87;96.90;96.99;96.78;;96.87
03/05/2019;96.87;96.67;97.01;96.66;;96.87
03/04/2019;96.68;96.34;96.82;96.33;;96.68
03/01/2019;96.53;96.22;96.55;96.07;;96.53
02/28/2019;96.16;96.09;96.28;95.82;;96.16
02/27/2019;96.15;96.06;96.19;95.88;;96.15
02/26/2019;96.00;96.39;96.46;95.95;;96.00
02/25/2019;96.41;96.52;96.60;96.32;;96.41
02/22/2019;96.51;96.59;96.78;96.42;;96.51
02/21/2019;96.61;96.49;96.66;96.36;;96.61
02/20/2019;96.45;96.53;96.65;96.29;;96.45
02/19/2019;96.52;96.81;97.08;96.43;;96.52
02/18/2019;96.90;96.81;96.90;96.65;;96.90
02/15/2019;96.90;97.06;97.37;96.83;;96.90
02/14/2019;96.98;97.14;97.28;96.95;;96.98
02/13/2019;97.13;96.73;97.26;96.63;;97.13
02/12/2019;96.71;97.06;97.20;96.65;;96.71
02/11/2019;97.06;96.66;97.12;96.62;;97.06
02/08/2019;96.64;96.60;96.69;96.45;;96.64
02/07/2019;96.51;96.39;96.67;96.38;;96.51
02/06/2019;96.39;96.06;96.42;96.04;;96.39
02/05/2019;96.07;95.83;96.12;95.81;;96.07
02/04/2019;95.85;95.60;95.92;95.57;;95.85
02/01/2019;95.58;95.55;95.66;95.40;;95.58
01/31/2019;95.58;95.35;95.62;95.16;;95.58
01/30/2019;95.34;95.79;95.98;95.25;;95.34
01/29/2019;95.82;95.74;95.87;95.62;;95.82
01/28/2019;95.75;95.79;95.92;95.64;;95.75
01/25/2019;95.79;96.49;96.53;95.74;;95.79
01/24/2019;96.60;96.07;96.68;96.04;;96.60
01/23/2019;96.12;96.31;96.37;96.05;;96.12
01/22/2019;96.30;96.34;96.48;96.22;;96.30
01/21/2019;96.34;96.35;96.43;96.20;;96.34
01/18/2019;96.34;96.07;96.39;96.01;;96.34
01/17/2019;96.06;96.07;96.26;95.98;;96.06
01/16/2019;96.06;95.94;96.18;95.86;;96.06
01/15/2019;96.04;95.57;96.26;95.47;;96.04
01/14/2019;95.61;95.65;95.72;95.48;;95.61
01/11/2019;95.67;95.44;95.76;95.19;;95.67
01/10/2019;95.54;95.16;95.62;95.03;;95.54
01/09/2019;95.22;95.81;95.92;95.12;;95.22
01/08/2019;95.90;95.69;96.03;95.68;;95.90
01/07/2019;95.67;96.16;96.16;95.64;;95.67
01/04/2019;96.18;96.28;96.61;96.05;;96.18
01/03/2019;96.31;96.72;96.75;96.21;;96.31
01/02/2019;96.82;96.14;96.96;95.82;;96.82
01/01/2019;96.17;96.15;96.32;95.65;;96.17
12/31/2018;96.17;96.40;96.51;96.00;;96.17
12/28/2018;96.40;96.51;96.52;96.19;;96.40
12/27/2018;96.48;96.92;96.94;96.41;;96.48
12/26/2018;97.05;96.58;97.12;96.53;;97.05
12/25/2018;96.55;96.56;96.96;96.47;;96.55
12/24/2018;96.55;96.94;96.94;96.38;;96.55
12/21/2018;96.96;96.39;97.05;96.25;;96.96
12/20/2018;96.28;96.99;97.04;96.17;;96.28
12/19/2018;97.03;96.91;97.10;96.55;;97.03
12/18/2018;97.10;97.13;97.17;96.70;;97.10
12/17/2018;97.10;97.43;97.46;97.05;;97.10
12/14/2018;97.44;97.09;97.71;97.08;;97.44
12/13/2018;97.06;97.04;97.29;96.88;;97.06
12/12/2018;97.04;97.38;97.49;96.89;;97.04
12/11/2018;97.39;97.18;97.55;96.87;;97.39
12/10/2018;97.22;96.72;97.24;96.36;;97.22
12/07/2018;96.51;96.80;96.92;96.51;;96.51
12/06/2018;96.81;97.01;97.20;96.55;;96.81
12/05/2018;97.07;97.01;97.20;96.83;;97.07
12/04/2018;96.97;96.94;97.13;96.38;;96.97
12/03/2018;97.04;97.13;97.16;96.71;;97.04
11/30/2018;97.27;96.76;97.31;96.71;;97.27
11/29/2018;96.78;96.84;97.00;96.63;;96.78
11/28/2018;96.79;97.37;97.54;96.69;;96.79
11/27/2018;97.37;97.03;97.50;96.97;;97.37
11/26/2018;97.07;96.93;97.10;96.66;;97.07
11/23/2018;96.92;96.51;96.98;96.40;;96.92
11/22/2018;96.71;96.72;96.72;96.32;;96.71
11/21/2018;96.71;96.82;96.87;96.50;;96.71
11/20/2018;96.84;96.20;96.89;96.04;;96.84
11/19/2018;96.19;96.43;96.57;96.12;;96.19
11/16/2018;96.47;97.05;97.06;96.40;;96.47
11/15/2018;96.93;97.01;97.39;96.77;;96.93
11/14/2018;96.80;97.03;97.41;96.75;;96.80
11/13/2018;97.30;97.60;97.66;96.94;;97.30
11/12/2018;97.54;97.05;97.69;96.97;;97.54
11/09/2018;96.91;96.63;97.01;96.62;;96.91
11/08/2018;96.72;96.19;96.74;96.07;;96.72
11/07/2018;96.00;95.99;96.46;95.68;;96.00
11/06/2018;96.32;96.33;96.45;96.14;;96.32
11/05/2018;96.28;96.44;96.68;96.25;;96.28
11/02/2018;96.54;96.31;96.59;95.99;;96.54
11/01/2018;96.28;97.08;97.11;96.20;;96.28
10/31/2018;97.13;96.99;97.20;96.88;;97.13
10/30/2018;97.01;96.66;97.02;96.62;;97.01
10/29/2018;96.58;96.44;96.70;96.35;;96.58
10/26/2018;96.36;96.59;96.86;96.29;;96.36
10/25/2018;96.68;96.36;96.73;96.21;;96.68
10/24/2018;96.43;95.92;96.53;95.91;;96.43
10/23/2018;95.96;96.03;96.16;95.81;;95.96
10/22/2018;96.01;95.66;96.09;95.47;;96.01
10/19/2018;95.71;95.95;96.09;95.54;;95.71
10/18/2018;95.90;95.66;95.99;95.49;;95.90
10/17/2018;95.58;95.09;95.66;95.06;;95.58
10/16/2018;95.05;95.05;95.20;94.79;;95.05
10/15/2018;95.06;95.35;95.37;94.95;;95.06
10/12/2018;95.22;95.04;95.37;94.95;;95.22
10/11/2018;95.02;95.43;95.43;94.99;;95.02
10/10/2018;95.51;95.59;95.79;95.38;;95.51
10/09/2018;95.67;95.75;96.16;95.64;;95.67
10/08/2018;95.76;95.62;96.03;95.59;;95.76
10/05/2018;95.62;95.76;95.94;95.52;;95.62
10/04/2018;95.75;96.05;96.12;95.55;;95.75
10/03/2018;95.76;95.46;96.12;95.26;;95.76
10/02/2018;95.51;95.30;95.74;95.26;;95.51
10/01/2018;95.30;95.11;95.37;95.00;;95.30
09/28/2018;95.13;95.02;95.37;94.92;;95.13
09/27/2018;94.89;94.25;95.01;94.21;;94.89
09/26/2018;94.19;94.17;94.40;93.95;;94.19
09/25/2018;94.13;94.25;94.37;94.01;;94.13
09/24/2018;94.19;94.23;94.37;93.84;;94.19
09/21/2018;94.22;93.89;94.33;93.81;;94.22
09/20/2018;93.91;94.55;94.56;93.83;;93.91
09/19/2018;94.54;94.54;94.73;94.32;;94.54
09/18/2018;94.64;94.61;94.73;94.31;;94.64
09/17/2018;94.50;94.93;94.98;94.44;;94.50
09/14/2018;94.93;94.55;95.00;94.36;;94.93
09/13/2018;94.52;94.83;94.97;94.43;;94.52
09/12/2018;94.80;95.10;95.28;94.73;;94.80
09/11/2018;95.25;95.15;95.35;94.88;;95.25
09/10/2018;95.15;95.43;95.56;95.03;;95.15
09/07/2018;95.36;95.02;95.46;94.87;;95.36
09/06/2018;95.02;95.10;95.21;94.93;;95.02
09/05/2018;95.18;95.40;95.66;95.08;;95.18
09/04/2018;95.44;95.14;95.74;95.14;;95.44
09/03/2018;95.14;95.19;95.22;95.01;;95.14
08/31/2018;95.14;94.70;95.22;94.55;;95.14
08/30/2018;94.72;94.53;94.90;94.47;;94.72
08/29/2018;94.60;94.73;94.93;94.53;;94.60
08/28/2018;94.72;94.77;94.91;94.43;;94.72
08/27/2018;94.78;95.17;95.30;94.69;;94.78
08/24/2018;95.15;95.64;95.69;95.03;;95.15
08/23/2018;95.67;95.17;95.71;95.15;;95.67
08/22/2018;95.15;95.21;95.38;94.93;;95.15
08/21/2018;95.26;95.74;95.75;95.08;;95.26
08/20/2018;95.90;96.13;96.40;95.73;;95.90
08/17/2018;96.10;96.61;96.66;96.09;;96.10
08/16/2018;96.64;96.72;96.77;96.32;;96.64
08/15/2018;96.70;96.66;96.98;96.65;;96.70
08/14/2018;96.73;96.33;96.79;96.14;;96.73
08/13/2018;96.39;96.32;96.52;96.16;;96.39
08/10/2018;96.36;95.64;96.45;95.53;;96.36
08/09/2018;95.50;95.10;95.62;95.03;;95.50
08/08/2018;95.05;95.14;95.42;94.99;;95.05
08/07/2018;95.22;95.34;95.37;94.99;;95.22
08/06/2018;95.36;95.20;95.52;95.20;;95.36
08/03/2018;95.14;95.18;95.37;94.98;;95.14
08/02/2018;95.16;94.63;95.19;94.61;;95.16
08/01/2018;94.62;94.56;94.71;94.49;;94.62
07/31/2018;94.49;94.33;94.57;94.16;;94.49
07/30/2018;94.32;94.66;94.76;94.26;;94.32
07/27/2018;94.67;94.76;94.91;94.63;;94.67
07/26/2018;94.75;94.16;94.80;94.08;;94.75
07/25/2018;94.36;94.59;94.67;94.14;;94.36
07/24/2018;94.61;94.67;94.86;94.40;;94.61
07/23/2018;94.67;94.43;94.72;94.21;;94.67
07/20/2018;94.45;95.13;95.28;94.36;;94.45
07/19/2018;95.15;95.08;95.65;94.93;;95.15
07/18/2018;95.08;95.03;95.41;94.96;;95.08
07/17/2018;94.94;94.55;95.06;94.30;;94.94
07/16/2018;94.51;94.69;94.77;94.41;;94.51
07/13/2018;94.75;94.89;95.24;94.67;;94.75
07/12/2018;94.81;94.70;94.94;94.64;;94.81
07/11/2018;94.72;94.20;94.77;94.09;;94.72
07/10/2018;94.15;94.06;94.47;94.02;;94.15
07/09/2018;94.08;93.97;94.21;93.71;;94.08
07/06/2018;94.04;94.36;94.49;93.92;;94.04
07/05/2018;94.47;94.51;94.59;94.18;;94.47
07/04/2018;94.67;94.52;94.71;94.40;;94.67
07/03/2018;94.67;94.84;94.98;94.56;;94.67
07/02/2018;95.03;94.63;95.14;94.53;;95.03
06/29/2018;94.64;95.30;95.32;94.47;;94.64
06/28/2018;95.39;95.27;95.53;95.09;;95.39
06/27/2018;95.27;94.67;95.42;94.53;;95.27
06/26/2018;94.66;94.29;94.77;94.17;;94.66
06/25/2018;94.28;94.50;94.70;94.21;;94.28
06/22/2018;94.52;94.86;94.88;94.43;;94.52
06/21/2018;94.74;95.13;95.53;94.68;;94.74
06/20/2018;95.06;94.97;95.30;94.92;;95.06
06/19/2018;95.08;94.63;95.30;94.53;;95.08
06/18/2018;94.80;94.79;95.05;94.70;;94.80
06/15/2018;94.79;94.91;95.13;94.65;;94.79
06/14/2018;94.77;93.50;94.93;93.19;;94.77
06/13/2018;93.71;93.83;94.03;93.52;;93.71
06/12/2018;93.80;93.67;93.91;93.47;;93.80
06/11/2018;93.58;93.54;93.68;93.37;;93.58
06/08/2018;93.55;93.44;93.82;93.39;;93.55
06/07/2018;93.40;93.58;93.59;93.21;;93.40
06/06/2018;93.66;93.88;93.89;93.42;;93.66
06/05/2018;93.90;94.06;94.32;93.78;;93.90
06/04/2018;94.02;94.16;94.19;93.66;;94.02
06/01/2018;94.19;93.95;94.45;93.88;;94.19
05/31/2018;93.98;94.07;94.25;93.72;;93.98
05/30/2018;94.15;94.82;94.97;94.04;;94.15
05/29/2018;94.83;94.41;95.03;94.28;;94.83
05/28/2018;94.19;94.25;94.50;93.86;;94.19
05/25/2018;94.19;93.80;94.30;93.75;;94.19
05/24/2018;93.76;93.90;93.98;93.61;;93.76
05/23/2018;94.00;93.55;94.19;93.51;;94.00
05/22/2018;93.61;93.54;93.73;93.29;;93.61
05/21/2018;93.68;93.69;94.06;93.51;;93.68
05/18/2018;93.64;93.50;93.83;93.34;;93.64
05/17/2018;93.47;93.26;93.56;93.12;;93.47
05/16/2018;93.39;93.31;93.63;93.14;;93.39
05/15/2018;93.22;92.65;93.46;92.61;;93.22
05/14/2018;92.59;92.55;92.69;92.24;;92.59
05/11/2018;92.54;92.69;92.84;92.37;;92.54
05/10/2018;92.65;93.08;93.16;92.54;;92.65
05/09/2018;93.04;93.05;93.42;92.84;;93.04
05/08/2018;93.12;92.73;93.28;92.65;;93.12
05/07/2018;92.75;92.57;92.97;92.45;;92.75
05/04/2018;92.57;92.43;92.90;92.35;;92.57
05/03/2018;92.41;92.72;92.76;92.34;;92.41
05/02/2018;92.51;92.47;92.83;92.22;;92.51
05/01/2018;92.45;91.81;92.57;91.80;;92.45
04/30/2018;91.84;91.53;91.92;91.48;;91.84
04/27/2018;91.54;91.56;91.99;91.49;;91.54
04/26/2018;91.56;91.21;91.64;90.96;;91.56
04/25/2018;91.17;90.76;91.26;90.75;;91.17
04/24/2018;90.77;90.92;91.08;90.71;;90.77
04/23/2018;90.95;90.35;90.98;90.32;;90.95
04/20/2018;90.32;89.90;90.48;89.89;;90.32
04/19/2018;89.94;89.62;89.95;89.50;;89.94
04/18/2018;89.62;89.50;89.78;89.45;;89.62
04/17/2018;89.52;89.41;89.67;89.23;;89.52
04/16/2018;89.42;89.77;89.85;89.39;;89.42
04/13/2018;89.80;89.76;89.88;89.66;;89.80
04/12/2018;89.75;89.52;89.96;89.44;;89.75
04/11/2018;89.57;89.58;89.67;89.36;;89.57
04/10/2018;89.59;89.83;89.97;89.54;;89.59
04/09/2018;89.84;90.07;90.27;89.82;;89.84
04/06/2018;90.11;90.38;90.60;90.07;;90.11
04/05/2018;90.46;90.09;90.59;90.07;;90.46
04/04/2018;90.14;90.16;90.23;89.92;;90.14
04/03/2018;90.20;90.02;90.28;89.85;;90.20
04/02/2018;90.05;89.97;90.15;89.82;;90.05
03/30/2018;89.97;90.10;90.12;89.88;;89.97
03/29/2018;90.15;90.11;90.18;89.90;;90.15
03/28/2018;90.06;89.32;90.15;89.25;;90.06
03/27/2018;89.33;89.02;89.63;88.94;;89.33
03/26/2018;89.03;89.47;89.52;88.98;;89.03
03/23/2018;89.48;89.67;89.74;89.40;;89.48
03/22/2018;89.86;89.65;89.96;89.40;;89.86
03/21/2018;89.78;90.41;90.40;89.63;;89.78
03/20/2018;90.37;89.88;90.44;89.85;;90.37
03/19/2018;89.77;90.20;90.34;89.76;;89.77
03/16/2018;90.23;90.14;90.38;89.89;;90.23
03/15/2018;90.14;89.75;90.17;89.62;;90.14
03/14/2018;89.70;89.70;89.89;89.56;;89.70
03/13/2018;89.66;89.91;90.11;89.59;;89.66
03/12/2018;89.89;90.11;90.19;89.84;;89.89
03/09/2018;90.09;90.20;90.36;90.00;;90.09
03/08/2018;90.18;89.59;90.23;89.44;;90.18
03/07/2018;89.64;89.51;89.78;89.41;;89.64
03/06/2018;89.62;89.96;90.06;89.43;;89.62
03/05/2018;90.08;89.83;90.22;89.83;;90.08
03/02/2018;89.94;90.25;90.29;89.88;;89.94
03/01/2018;90.32;90.67;90.93;90.21;;90.32
02/28/2018;90.61;90.41;90.70;90.31;;90.61
02/27/2018;90.36;89.80;90.50;89.69;;90.36
02/26/2018;89.85;89.96;90.05;89.50;;89.85
02/23/2018;89.88;89.78;90.06;89.76;;89.88
02/22/2018;89.74;90.16;90.23;89.64;;89.74
02/21/2018;90.00;89.71;90.16;89.59;;90.00
02/20/2018;89.72;89.24;89.80;89.22;;89.72
02/19/2018;89.10;89.10;89.44;88.95;;89.10
02/16/2018;89.10;88.57;89.23;88.25;;89.10
02/15/2018;88.59;88.96;89.00;88.54;;88.59
02/14/2018;89.12;89.69;90.12;88.94;;89.12
02/13/2018;89.70;90.09;90.18;89.61;;89.70
02/12/2018;90.21;90.35;90.43;90.07;;90.21
02/09/2018;90.44;90.25;90.56;90.12;;90.44
02/08/2018;90.23;90.27;90.57;90.01;;90.23
02/07/2018;90.25;89.63;90.40;89.47;;90.25
02/06/2018;89.58;89.66;90.03;89.37;;89.58
02/05/2018;89.55;89.35;89.70;89.02;;89.55
02/02/2018;89.19;88.64;89.42;88.59;;89.19
02/01/2018;88.67;89.04;89.33;88.56;;88.67
01/31/2018;89.13;89.10;89.30;88.78;;89.13
01/30/2018;89.16;89.36;89.64;88.91;;89.16
01/29/2018;89.31;89.11;89.62;89.01;;89.31
01/26/2018;89.07;89.40;89.40;88.72;;89.07
01/25/2018;89.39;89.32;89.58;88.44;;89.39
01/24/2018;89.21;90.00;90.11;89.16;;89.21
01/23/2018;90.12;90.39;90.59;90.06;;90.12
01/22/2018;90.40;90.44;90.70;90.35;;90.40
01/19/2018;90.57;90.50;90.70;90.16;;90.57
01/18/2018;90.50;90.78;90.98;90.41;;90.50
01/17/2018;90.54;90.41;91.00;90.11;;90.54
01/16/2018;90.39;90.44;90.82;90.34;;90.39
01/15/2018;90.97;90.94;90.94;90.28;;90.97
01/12/2018;90.97;91.85;91.88;90.90;;90.97
01/11/2018;91.85;92.33;92.55;91.79;;91.85
01/10/2018;92.33;92.57;92.57;91.92;;92.33
01/09/2018;92.53;92.34;92.64;92.21;;92.53
01/08/2018;92.36;92.06;92.40;91.88;;92.36
01/05/2018;91.95;91.87;92.10;91.78;;91.95
01/04/2018;91.85;92.22;92.26;91.80;;91.85
01/03/2018;92.16;91.82;92.26;91.81;;92.16
01/02/2018;91.87;92.24;92.25;91.75;;91.87
01/01/2018;92.25;92.29;92.32;92.18;;92.25
12/31/2017;92.28;92.28;92.28;92.28;;92.28
12/29/2017;92.12;92.67;92.67;92.08;;92.12
12/28/2017;92.60;93.00;93.02;92.57;;92.60
12/27/2017;93.03;93.30;93.31;92.96;;93.03
12/26/2017;93.26;93.25;93.40;93.20;;93.26
12/25/2017;93.35;93.37;93.40;93.19;;93.35
12/22/2017;93.35;93.37;93.56;93.31;;93.35
12/21/2017;93.28;93.31;93.50;93.23;;93.28
12/20/2017;93.31;93.50;93.53;93.16;;93.31
12/19/2017;93.44;93.71;93.76;93.43;;93.44
12/18/2017;93.69;93.98;94.03;93.38;;93.69
12/15/2017;93.93;93.65;94.00;93.41;;93.93
12/14/2017;93.49;93.41;93.76;93.28;;93.49
12/13/2017;93.43;94.06;94.11;93.39;;93.43
12/12/2017;94.10;93.91;94.22;93.76;;94.10
12/11/2017;93.87;93.93;93.98;93.67;;93.87
12/08/2017;93.90;93.79;94.09;93.77;;93.90
12/07/2017;93.80;93.54;93.80;93.51;;93.80
12/06/2017;93.61;93.31;93.65;93.17;;93.61
12/05/2017;93.38;93.08;93.49;93.03;;93.38
12/04/2017;93.19;93.17;93.36;93.07;;93.19
12/01/2017;92.89;93.03;93.25;92.60;;92.89
11/30/2017;93.05;93.26;93.50;92.73;;93.05
11/29/2017;93.16;93.22;93.44;92.99;;93.16
11/28/2017;93.27;92.89;93.34;92.83;;93.27
11/27/2017;92.90;92.73;92.98;92.50;;92.90
11/24/2017;92.78;93.12;93.25;92.67;;92.78
11/23/2017;93.22;93.30;93.31;93.07;;93.22
11/22/2017;93.22;93.93;93.96;93.21;;93.22
11/21/2017;93.95;94.04;94.17;93.88;;93.95
11/20/2017;94.08;93.71;94.10;93.58;;94.08
11/17/2017;93.66;93.87;93.93;93.51;;93.66
11/16/2017;93.93;93.84;94.00;93.77;;93.93
11/15/2017;93.81;93.86;93.93;93.40;;93.81
11/14/2017;93.83;94.52;94.54;93.75;;93.83
11/13/2017;94.49;94.42;94.64;94.40;;94.49
11/10/2017;94.39;94.50;94.65;94.26;;94.39
11/09/2017;94.44;94.88;94.96;94.42;;94.44
11/08/2017;94.87;94.80;94.97;94.78;;94.87
11/07/2017;94.91;94.72;95.15;94.70;;94.91
11/06/2017;94.76;94.87;95.08;94.69;;94.76
11/03/2017;94.94;94.73;95.02;94.41;;94.94
11/02/2017;94.69;94.80;94.80;94.41;;94.69
11/01/2017;94.81;94.55;94.85;94.51;;94.81
10/31/2017;94.55;94.54;94.70;94.45;;94.55
10/30/2017;94.56;94.83;94.90;94.44;;94.56
10/27/2017;94.92;94.72;95.15;94.73;;94.92
10/26/2017;94.61;93.63;94.72;93.48;;94.61
10/25/2017;93.71;93.94;94.01;93.61;;93.71
10/24/2017;93.77;93.83;93.99;93.68;;93.77
10/23/2017;93.94;93.82;94.02;93.68;;93.94
10/20/2017;93.70;93.16;93.78;93.12;;93.70
10/19/2017;93.16;93.42;93.55;93.06;;93.16
10/18/2017;93.36;93.48;93.80;93.36;;93.36
10/17/2017;93.51;93.31;93.73;93.28;;93.51
10/16/2017;93.31;93.08;93.36;93.08;;93.31
10/13/2017;93.09;93.09;93.24;92.75;;93.09
10/12/2017;93.06;92.95;93.23;92.80;;93.06
10/11/2017;93.02;93.25;93.37;92.90;;93.02
10/10/2017;93.29;93.73;93.74;93.14;;93.29
10/09/2017;93.67;93.77;93.84;93.62;;93.67
10/06/2017;93.80;93.92;94.27;93.77;;93.80
10/05/2017;93.96;93.48;93.99;93.41;;93.96
10/04/2017;93.46;93.57;93.58;93.26;;93.46
10/03/2017;93.57;93.60;93.92;93.43;;93.57
10/02/2017;93.56;93.22;93.66;93.12;;93.56
09/29/2017;93.08;93.17;93.27;92.95;;93.08
09/28/2017;93.08;93.47;93.67;93.07;;93.08
09/27/2017;93.36;93.04;93.61;93.00;;93.36
09/26/2017;92.97;92.60;93.29;92.55;;92.97
09/25/2017;92.65;92.42;92.72;92.21;;92.65
09/22/2017;92.17;92.18;92.22;91.78;;92.17
09/21/2017;92.19;92.47;92.66;92.10;;92.19
09/20/2017;92.51;91.83;92.70;91.53;;92.51
09/19/2017;91.79;91.98;92.05;91.75;;91.79
09/18/2017;92.05;91.95;92.21;91.80;;92.05
09/15/2017;91.87;92.00;92.17;91.58;;91.87
09/14/2017;92.12;92.35;92.66;91.97;;92.12
09/13/2017;92.52;91.88;92.53;91.71;;92.52
09/12/2017;91.88;91.86;92.08;91.77;;91.88
09/11/2017;91.90;91.44;91.98;91.42;;91.90
09/08/2017;91.35;91.49;91.51;91.01;;91.35
09/07/2017;91.66;92.20;92.25;91.41;;91.66
09/06/2017;92.29;92.24;92.38;91.99;;92.29
09/05/2017;92.25;92.60;92.73;92.18;;92.25
09/04/2017;92.64;92.66;92.70;92.44;;92.64
09/01/2017;92.81;92.61;92.93;92.10;;92.81
08/31/2017;92.67;92.85;93.35;92.56;;92.67
08/30/2017;92.88;92.30;92.95;92.25;;92.88
08/29/2017;92.25;92.22;92.47;91.62;;92.25
08/28/2017;92.21;92.32;92.55;92.17;;92.21
08/25/2017;92.74;93.27;93.44;92.42;;92.74
08/24/2017;93.28;93.16;93.38;93.14;;93.28
08/23/2017;93.15;93.51;93.63;93.13;;93.15
08/22/2017;93.55;93.14;93.58;93.06;;93.55
08/21/2017;93.09;93.45;93.58;93.00;;93.09
08/18/2017;93.43;93.68;93.76;93.33;;93.43
08/17/2017;93.62;93.44;94.08;93.31;;93.62
08/16/2017;93.54;93.83;94.14;93.47;;93.54
08/15/2017;93.85;93.46;94.14;93.44;;93.85
08/14/2017;93.41;93.07;93.50;93.05;;93.41
08/11/2017;93.07;93.43;93.51;92.93;;93.07
08/10/2017;93.40;93.50;93.81;93.32;;93.40
08/09/2017;93.55;93.56;93.89;93.49;;93.55
08/08/2017;93.65;93.44;93.88;93.24;;93.65
08/07/2017;93.43;93.51;93.54;93.30;;93.43
08/04/2017;93.54;92.76;93.77;92.70;;93.54
08/03/2017;92.84;92.90;93.04;92.68;;92.84
08/02/2017;92.84;93.06;93.16;92.55;;92.84
08/01/2017;93.04;92.89;93.12;92.78;;93.04
07/31/2017;92.86;93.36;93.53;92.78;;92.86
07/28/2017;93.26;93.87;93.95;93.26;;93.26
07/27/2017;93.86;93.46;94.10;93.15;;93.86
07/26/2017;93.67;94.09;94.28;93.37;;93.67
07/25/2017;94.05;94.03;94.12;93.64;;94.05
07/24/2017;93.98;93.94;94.12;93.82;;93.98
07/21/2017;93.86;94.30;94.36;93.85;;93.86
07/20/2017;94.31;94.77;95.17;94.09;;94.31
07/19/2017;94.78;94.69;94.89;94.64;;94.78
07/18/2017;94.60;95.16;95.19;94.48;;94.60
07/17/2017;95.13;95.09;95.35;95.02;;95.13
07/14/2017;95.15;95.80;95.83;95.09;;95.15
07/13/2017;95.73;95.78;95.92;95.46;;95.73
07/12/2017;95.76;95.71;95.98;95.51;;95.76
07/11/2017;95.67;96.07;96.20;95.65;;95.67
07/10/2017;96.02;96.03;96.20;95.95;;96.02
07/07/2017;96.01;95.80;96.15;95.75;;96.01
07/06/2017;95.80;96.19;96.34;95.78;;95.80
07/05/2017;96.29;96.19;96.51;96.07;;96.29
07/04/2017;96.22;96.16;96.33;96.05;;96.22
07/03/2017;96.22;95.65;96.24;95.63;;96.22
06/30/2017;95.63;95.54;95.83;95.47;;95.63
06/29/2017;95.63;96.04;96.05;95.53;;95.63
06/28/2017;96.01;96.43;96.62;95.97;;96.01
06/27/2017;96.39;97.43;97.45;96.34;;96.39
06/26/2017;97.43;97.24;97.47;97.11;;97.43
06/23/2017;97.26;97.56;97.58;97.18;;97.26
06/22/2017;97.59;97.55;97.65;97.43;;97.59
06/21/2017;97.56;97.73;97.80;97.52;;97.56
06/20/2017;97.76;97.53;97.87;97.43;;97.76
06/19/2017;97.55;97.10;97.58;97.05;;97.55
06/16/2017;97.16;97.48;97.56;97.10;;97.16
06/15/2017;97.43;96.93;97.56;96.84;;97.43
06/14/2017;96.94;97.00;97.12;96.32;;96.94
06/13/2017;96.97;97.17;97.28;96.95;;96.97
06/12/2017;97.14;97.22;97.32;97.04;;97.14
06/09/2017;97.27;97.18;97.50;97.14;;97.27
06/08/2017;96.92;96.70;97.23;96.59;;96.92
06/07/2017;96.75;96.54;96.98;96.51;;96.75
06/06/2017;96.64;96.79;96.80;96.52;;96.64
06/05/2017;96.80;96.73;96.97;96.70;;96.80
06/02/2017;96.72;97.19;97.31;96.65;;96.72
06/01/2017;97.20;96.99;97.32;96.90;;97.20
05/31/2017;96.92;97.43;97.50;96.86;;96.92
05/30/2017;97.28;97.63;97.78;97.22;;97.28
05/29/2017;97.44;97.43;97.61;97.33;;97.44
05/26/2017;97.44;97.23;97.55;97.04;;97.44
05/25/2017;97.25;97.07;97.28;96.88;;97.25
05/24/2017;97.24;97.34;97.47;97.03;;97.24
05/23/2017;97.35;96.95;97.42;96.80;;97.35
05/22/2017;96.98;97.22;97.44;96.80;;96.98
05/19/2017;97.14;97.85;97.85;97.08;;97.14
05/18/2017;97.88;97.44;98.07;97.37;;97.88
05/17/2017;97.58;98.09;98.13;97.33;;97.58
05/16/2017;98.11;98.88;98.89;98.08;;98.11
05/15/2017;98.91;99.15;99.26;98.79;;98.91
05/12/2017;99.25;99.63;99.70;99.16;;99.25
05/11/2017;99.62;99.66;99.89;99.49;;99.62
05/10/2017;99.67;99.48;99.72;99.36;;99.67
05/09/2017;99.66;99.14;99.69;99.08;;99.66
05/08/2017;99.06;98.79;99.19;98.60;;99.06
05/05/2017;98.65;98.77;98.97;98.54;;98.65
05/04/2017;98.80;99.35;99.46;98.71;;98.80
05/03/2017;99.21;98.92;99.39;98.89;;99.21
05/02/2017;98.98;99.07;99.22;98.92;;98.98
05/01/2017;99.08;98.93;99.21;98.89;;99.08
04/28/2017;99.05;99.17;99.25;98.72;;99.05
04/27/2017;99.08;98.95;99.33;98.81;;99.08
04/26/2017;99.05;98.85;99.33;98.73;;99.05
04/25/2017;98.78;99.05;99.22;98.69;;98.78
04/24/2017;99.09;98.97;99.33;98.91;;99.09
04/21/2017;99.98;99.83;100.03;99.65;;99.98
04/20/2017;99.78;99.78;99.85;99.37;;99.78
04/19/2017;99.74;99.51;99.89;99.51;;99.74
04/18/2017;99.50;100.34;100.40;99.47;;99.50
04/17/2017;100.29;100.49;100.47;100.00;;100.29
04/14/2017;100.56;100.58;100.61;100.36;;100.56
04/13/2017;100.56;100.16;100.60;100.01;;100.56
04/12/2017;100.78;100.73;100.82;100.09;;100.78
04/11/2017;100.71;100.97;101.08;100.58;;100.71
04/10/2017;101.02;101.18;101.34;100.94;;101.02
04/07/2017;101.18;100.73;101.26;100.52;;101.18
04/06/2017;100.67;100.50;100.77;100.38;;100.67
04/05/2017;100.56;100.52;100.85;100.41;;100.56
04/04/2017;100.54;100.49;100.73;100.42;;100.54
04/03/2017;100.54;100.50;100.69;100.37;;100.54
03/31/2017;100.35;100.49;100.65;100.25;;100.35
03/30/2017;100.41;99.96;100.60;99.92;;100.41
03/29/2017;100.00;99.70;100.13;99.67;;100.00
03/28/2017;99.71;99.22;99.79;99.11;;99.71
03/27/2017;99.17;99.47;99.53;98.86;;99.17
03/24/2017;99.63;99.77;100.00;99.53;;99.63
03/23/2017;99.76;99.75;99.87;99.63;;99.76
03/22/2017;99.68;99.69;99.93;99.55;;99.68
03/21/2017;99.81;100.37;100.47;99.66;;99.81
03/20/2017;100.41;100.36;100.45;100.02;;100.41
03/17/2017;100.30;100.24;100.47;100.14;;100.30
03/16/2017;100.36;100.56;100.75;100.21;;100.36
03/15/2017;100.74;101.71;101.72;100.49;;100.74
03/14/2017;101.70;101.40;101.79;101.34;;101.70
03/13/2017;101.31;101.31;101.39;101.01;;101.31
03/10/2017;101.25;101.99;102.00;101.17;;101.25
03/09/2017;101.85;102.11;102.25;101.70;;101.85
03/08/2017;102.07;101.79;102.19;101.71;;102.07
03/07/2017;101.81;101.68;101.91;101.53;;101.81
03/06/2017;101.64;101.40;101.75;101.22;;101.64
03/03/2017;101.54;102.13;102.17;101.34;;101.54
03/02/2017;102.20;101.92;102.26;101.78;;102.20
03/01/2017;101.78;101.43;101.97;101.23;;101.78
02/28/2017;101.12;101.21;101.40;100.78;;101.12
02/27/2017;101.13;101.11;101.27;100.69;;101.13
02/24/2017;101.09;100.95;101.17;100.66;;101.09
02/23/2017;101.05;101.38;101.44;100.87;;101.05
02/22/2017;101.22;101.40;101.72;101.17;;101.22
02/21/2017;101.37;100.93;101.60;100.91;;101.37
02/20/2017;100.95;100.93;100.98;100.77;;100.95
02/17/2017;100.95;100.52;100.96;100.45;;100.95
02/16/2017;100.44;101.05;101.07;100.41;;100.44
02/15/2017;101.18;101.22;101.76;101.00;;101.18
02/14/2017;101.25;100.98;101.38;100.70;;101.25
02/13/2017;100.96;100.84;101.11;100.58;;100.96
02/10/2017;100.80;100.67;101.01;100.58;;100.80
02/09/2017;100.65;100.22;100.68;100.08;;100.65
02/08/2017;100.28;100.44;100.64;100.06;;100.28
02/07/2017;100.26;99.93;100.72;99.91;;100.26
02/06/2017;99.91;99.65;100.25;99.63;;99.91
02/03/2017;99.87;99.79;100.26;99.56;;99.87
02/02/2017;99.79;99.76;99.87;99.23;;99.79
02/01/2017;99.64;99.56;100.04;99.50;;99.64
01/31/2017;99.51;100.33;100.51;99.43;;99.51
01/30/2017;100.43;100.32;101.02;100.17;;100.43
01/27/2017;100.53;100.49;100.82;100.32;;100.53
01/26/2017;100.38;99.91;100.73;99.79;;100.38
01/25/2017;100.03;100.31;100.41;99.83;;100.03
01/24/2017;100.35;100.08;100.43;99.92;;100.35
01/23/2017;100.16;100.74;100.74;99.90;;100.16
01/20/2017;100.74;101.17;101.50;100.70;;100.74
01/19/2017;101.15;101.35;101.73;100.97;;101.15
01/18/2017;100.93;100.43;101.34;100.32;;100.93
01/17/2017;100.33;101.54;101.62;100.26;;100.33
01/16/2017;101.18;101.66;101.73;101.32;;101.18
01/13/2017;101.18;101.51;101.67;101.01;;101.18
01/12/2017;101.35;101.67;101.80;100.72;;101.35
01/11/2017;101.78;102.07;102.95;101.28;;101.78
01/10/2017;102.01;101.85;102.10;101.51;;102.01
01/09/2017;101.93;102.25;102.52;101.80;;101.93
01/06/2017;102.22;101.40;102.29;101.37;;102.22
01/05/2017;101.52;102.45;102.51;101.30;;101.52
01/04/2017;102.70;103.17;103.44;102.39;;102.70
01/03/2017;103.21;102.88;103.82;102.59;;103.21
01/02/2017;102.83;102.38;102.94;102.21;;102.83
12/30/2016;102.21;102.13;102.59;101.91;;102.21
12/29/2016;102.68;103.21;103.25;102.60;;102.68
12/28/2016;103.30;103.02;103.63;102.87;;103.30
12/27/2016;103.02;102.97;103.15;102.95;;103.02
12/26/2016;103.01;103.01;103.02;102.83;;103.01
12/23/2016;103.01;103.08;103.23;102.88;;103.01
12/22/2016;103.09;103.05;103.14;102.59;;103.09
12/21/2016;103.02;103.26;103.38;102.77;;103.02
12/20/2016;103.29;103.15;103.65;103.03;;103.29
12/19/2016;103.14;102.90;103.21;102.52;;103.14
12/16/2016;102.95;103.16;103.27;102.62;;102.95
12/15/2016;103.02;102.23;103.56;102.16;;103.02
12/14/2016;101.76;101.04;102.35;100.73;;101.76
12/13/2016;101.07;100.89;101.16;100.75;;101.07
12/12/2016;101.03;101.71;101.78;100.84;;101.03
12/09/2016;101.59;101.06;101.74;101.01;;101.59
12/08/2016;101.10;100.23;101.25;99.43;;101.10
12/07/2016;100.23;100.48;100.60;100.13;;100.23
12/06/2016;100.49;100.13;100.58;99.98;;100.49
12/05/2016;100.09;100.84;101.54;99.85;;100.09
12/02/2016;100.77;100.88;101.11;100.62;;100.77
12/01/2016;101.04;101.52;101.59;100.87;;101.04
11/30/2016;101.50;100.85;101.83;100.84;;101.50
11/29/2016;100.93;101.18;101.64;100.86;;100.93
11/28/2016;101.33;101.25;101.60;100.64;;101.33
11/25/2016;101.49;101.84;101.92;101.21;;101.49
11/24/2016;101.70;101.82;102.05;101.43;;101.70
11/23/2016;101.70;100.95;101.91;100.89;;101.70
11/22/2016;101.04;100.77;101.32;100.65;;101.04
11/21/2016;101.05;101.28;101.40;100.74;;101.05
11/18/2016;101.21;100.97;101.48;100.83;;101.21
11/17/2016;100.89;100.26;101.01;99.96;;100.89
11/16/2016;100.41;100.18;100.57;99.90;;100.41
11/15/2016;100.23;99.80;100.26;99.45;;100.23
11/14/2016;100.11;99.13;100.22;99.13;;100.11
11/11/2016;99.06;98.85;99.13;98.54;;99.06
11/10/2016;98.78;98.61;99.08;98.31;;98.78
11/09/2016;98.50;97.68;98.70;95.89;;98.50
11/08/2016;97.86;97.74;98.00;97.55;;97.86
11/07/2016;97.78;97.54;97.87;97.22;;97.78
11/04/2016;97.06;97.17;97.35;96.89;;97.06
11/03/2016;97.16;97.37;97.46;97.04;;97.16
11/02/2016;97.40;97.75;97.80;97.18;;97.40
11/01/2016;97.70;98.39;98.48;97.64;;97.70
10/31/2016;98.44;98.30;98.70;98.29;;98.44
10/28/2016;98.35;98.92;98.94;98.24;;98.35
10/27/2016;98.89;98.62;99.03;98.50;;98.89
10/26/2016;98.63;98.70;98.84;98.33;;98.63
10/25/2016;98.72;98.77;99.12;98.61;;98.72
10/24/2016;98.76;98.64;98.85;98.54;;98.76
10/21/2016;98.69;98.32;98.81;98.31;;98.69
10/20/2016;98.31;97.85;98.40;97.66;;98.31
10/19/2016;97.92;97.89;97.97;97.63;;97.92
10/18/2016;97.89;97.87;97.96;97.61;;97.89
10/17/2016;97.89;98.15;98.17;97.81;;97.89
10/14/2016;98.02;97.53;98.12;97.51;;98.02
10/13/2016;97.52;97.99;98.13;97.50;;97.52
10/12/2016;97.97;97.54;98.04;97.45;;97.97
10/11/2016;97.69;96.91;97.76;96.91;;97.69
10/10/2016;96.93;96.63;96.97;96.46;;96.93
10/07/2016;96.63;97.12;97.19;96.40;;96.63
10/06/2016;96.77;96.14;96.77;96.11;;96.77
10/05/2016;96.12;96.10;96.31;95.96;;96.12
10/04/2016;96.17;95.73;96.44;95.73;;96.17
10/03/2016;95.69;95.54;95.80;95.46;;95.69
09/30/2016;95.46;95.51;95.96;95.34;;95.46
09/29/2016;95.53;95.37;95.68;95.33;;95.53
09/28/2016;95.43;95.45;95.74;95.36;;95.43
09/27/2016;95.44;95.32;95.67;95.24;;95.44
09/26/2016;95.30;95.40;95.53;95.13;;95.30
09/23/2016;95.48;95.36;95.68;95.34;;95.48
09/22/2016;95.45;95.50;95.53;95.05;;95.45
09/21/2016;95.66;96.00;96.33;95.44;;95.66
09/20/2016;96.02;95.83;96.04;95.60;;96.02
09/19/2016;95.84;96.07;96.07;95.64;;95.84
09/16/2016;96.11;95.23;96.11;95.22;;96.11
09/15/2016;95.29;95.33;95.56;95.08;;95.29
09/14/2016;95.33;95.56;95.66;95.20;;95.33
09/13/2016;95.63;95.12;95.67;95.08;;95.63
09/12/2016;95.09;95.30;95.45;94.94;;95.09
09/09/2016;95.34;94.94;95.58;94.80;;95.34
09/08/2016;95.03;94.96;95.14;94.47;;95.03
09/07/2016;94.96;94.89;95.06;94.69;;94.96
09/06/2016;94.82;95.79;95.86;94.77;;94.82
09/05/2016;95.84;95.89;95.89;95.55;;95.84
09/02/2016;95.84;95.67;95.96;95.19;;95.84
09/01/2016;95.65;95.98;96.24;95.59;;95.65
08/31/2016;96.02;96.01;96.25;95.90;;96.02
08/30/2016;96.05;95.58;96.14;95.53;;96.05
08/29/2016;95.58;95.61;95.83;95.48;;95.58
08/26/2016;95.57;94.72;95.59;94.25;;95.57
08/25/2016;94.77;94.78;94.83;94.59;;94.77
08/24/2016;94.79;94.55;94.91;94.50;;94.79
08/23/2016;94.54;94.55;94.58;94.21;;94.54
08/22/2016;94.52;94.72;94.96;94.44;;94.52
08/19/2016;94.51;94.23;94.63;94.22;;94.51
08/18/2016;94.16;94.70;94.70;94.08;;94.16
08/17/2016;94.72;94.80;95.10;94.51;;94.72
08/16/2016;94.79;95.61;95.66;94.43;;94.79
08/15/2016;95.63;95.65;95.80;95.47;;95.63
08/12/2016;95.72;95.92;95.99;95.25;;95.72
08/11/2016;95.86;95.58;95.97;95.50;;95.86
08/10/2016;95.65;96.12;96.12;95.44;;95.65
08/09/2016;96.18;96.39;96.52;96.08;;96.18
08/08/2016;96.40;96.29;96.47;96.15;;96.40
08/05/2016;96.19;95.78;96.52;95.55;;96.19
08/04/2016;95.76;95.54;95.90;95.42;;95.76
08/03/2016;95.56;95.13;95.61;95.13;;95.56
08/02/2016;95.06;95.82;95.85;95.00;;95.06
08/01/2016;95.71;95.59;95.82;95.54;;95.71
07/29/2016;95.53;96.62;96.62;95.38;;95.53
07/28/2016;96.74;96.73;96.77;96.29;;96.74
07/27/2016;97.05;97.14;97.53;96.67;;97.05
07/26/2016;97.16;97.29;97.32;96.85;;97.16
07/25/2016;97.29;97.35;97.57;97.22;;97.29
07/22/2016;97.47;96.92;97.54;96.83;;97.47
07/21/2016;97.00;97.13;97.21;96.73;;97.00
07/20/2016;97.20;97.08;97.32;96.99;;97.20
07/19/2016;97.06;96.55;97.15;96.52;;97.06
07/18/2016;96.56;96.59;96.71;96.47;;96.56
07/15/2016;96.58;96.13;96.73;95.91;;96.58
07/14/2016;96.08;96.27;96.37;95.83;;96.08
07/13/2016;96.22;96.51;96.60;96.09;;96.22
07/12/2016;96.44;96.54;96.64;96.07;;96.44
07/11/2016;96.57;96.29;96.79;96.27;;96.57
07/08/2016;96.30;96.28;96.70;95.83;;96.30
07/07/2016;96.33;96.13;96.34;95.92;;96.33
07/06/2016;96.05;96.25;96.50;95.98;;96.05
07/05/2016;96.17;95.54;96.25;95.34;;96.17
07/04/2016;95.65;95.69;95.89;95.43;;95.65
07/01/2016;95.65;95.89;96.08;95.41;;95.65
06/30/2016;96.14;95.67;96.42;95.44;;96.14
06/29/2016;95.77;96.04;96.20;95.59;;95.77
06/28/2016;96.25;96.41;96.41;95.77;;96.25
06/27/2016;96.54;96.07;96.70;95.81;;96.54
06/24/2016;95.45;93.45;96.70;93.45;;95.45
06/23/2016;93.53;93.50;93.61;93.02;;93.53
06/22/2016;93.72;94.05;94.12;93.42;;93.72
06/21/2016;94.02;93.61;94.14;93.42;;94.02
06/20/2016;93.61;93.87;93.87;93.45;;93.61
06/17/2016;94.21;94.58;94.59;94.07;;94.21
06/16/2016;94.57;94.60;95.32;94.20;;94.57
06/15/2016;94.61;94.91;95.04;94.36;;94.61
06/14/2016;94.93;94.36;95.03;94.32;;94.93
06/13/2016;94.36;94.65;94.75;94.24;;94.36
06/10/2016;94.57;94.09;94.71;94.05;;94.57
06/09/2016;93.95;93.55;94.13;93.43;;93.95
06/08/2016;93.59;93.86;93.87;93.42;;93.59
06/07/2016;93.83;94.02;94.09;93.75;;93.83
06/06/2016;93.90;94.02;94.27;93.75;;93.90
06/03/2016;94.03;95.55;95.64;93.86;;94.03
06/02/2016;95.56;95.43;95.61;95.15;;95.56
06/01/2016;95.45;95.81;95.90;95.34;;95.45
05/31/2016;95.89;95.66;95.89;95.46;;95.89
05/30/2016;95.52;95.70;95.97;95.52;;95.52
05/27/2016;95.52;95.14;95.78;95.08;;95.52
05/26/2016;95.17;95.42;95.42;94.94;;95.17
05/25/2016;95.35;95.63;95.66;95.33;;95.35
05/24/2016;95.57;95.27;95.66;95.20;;95.57
05/23/2016;95.23;95.32;95.48;95.10;;95.23
05/20/2016;95.33;95.29;95.46;95.17;;95.33
05/19/2016;95.29;95.15;95.50;95.12;;95.29
05/18/2016;95.08;94.58;95.27;94.53;;95.08
05/17/2016;94.55;94.57;94.71;94.33;;94.55
05/16/2016;94.57;94.65;94.68;94.40;;94.57
05/13/2016;94.61;94.12;94.84;94.12;;94.61
05/12/2016;94.15;93.85;94.19;93.80;;94.15
05/11/2016;93.82;94.26;94.26;93.68;;93.82
05/10/2016;94.29;94.13;94.36;94.03;;94.29
05/09/2016;94.13;93.91;94.20;93.80;;94.13
05/06/2016;93.89;93.73;93.96;93.28;;93.89
05/05/2016;93.78;93.21;93.86;93.17;;93.78
05/04/2016;93.18;92.98;93.36;92.85;;93.18
05/03/2016;92.94;92.60;93.11;91.92;;92.94
05/02/2016;92.63;93.02;93.07;92.54;;92.63
04/29/2016;93.08;93.80;93.80;93.01;;93.08
04/28/2016;93.76;94.39;94.58;93.69;;93.76
04/27/2016;94.39;94.53;94.80;94.15;;94.39
04/26/2016;94.57;94.79;94.81;94.20;;94.57
04/25/2016;94.84;95.11;95.08;94.68;;94.84
04/22/2016;95.12;94.63;95.20;94.47;;95.12
04/21/2016;94.60;94.53;94.70;93.92;;94.60
04/20/2016;94.49;94.14;94.59;93.94;;94.49
04/19/2016;93.98;94.49;94.55;93.93;;93.98
04/18/2016;94.49;94.59;94.83;94.38;;94.49
04/15/2016;94.70;94.93;95.05;94.51;;94.70
04/14/2016;94.90;94.81;95.20;94.68;;94.90
04/13/2016;94.74;94.05;94.85;94.00;;94.74
04/12/2016;93.96;93.99;94.39;93.63;;93.96
04/11/2016;93.95;94.10;94.34;93.75;;93.95
04/08/2016;94.23;94.56;94.68;94.09;;94.23
04/07/2016;94.48;94.48;94.67;94.02;;94.48
04/06/2016;94.43;94.60;95.07;94.24;;94.43
04/05/2016;94.63;94.58;94.98;94.45;;94.63
04/04/2016;94.51;94.56;94.83;94.41;;94.51
04/01/2016;94.62;94.64;95.11;94.33;;94.62
03/31/2016;94.59;94.84;95.03;94.32;;94.59
03/30/2016;94.84;95.21;95.22;94.59;;94.84
03/29/2016;95.16;95.96;96.22;95.09;;95.16
03/28/2016;95.94;96.27;96.40;95.84;;95.94
03/25/2016;96.14;96.11;96.36;96.11;;96.14
03/24/2016;96.14;96.07;96.36;96.04;;96.14
03/23/2016;96.05;95.64;96.23;95.62;;96.05
03/22/2016;95.65;95.43;95.75;95.26;;95.65
03/21/2016;95.29;95.15;95.41;95.00;;95.29
03/18/2016;95.09;94.77;95.17;94.58;;95.09
03/17/2016;94.76;95.75;95.83;94.65;;94.76
03/16/2016;95.89;96.67;97.06;95.54;;95.89
03/15/2016;96.63;96.60;96.87;96.47;;96.63
03/14/2016;96.62;96.31;96.71;96.14;;96.62
03/11/2016;96.17;96.17;96.72;95.94;;96.17
03/10/2016;96.07;97.23;98.42;95.94;;96.07
03/09/2016;97.17;97.22;97.57;96.93;;97.17
03/08/2016;97.21;97.11;97.27;96.89;;97.21
03/07/2016;97.07;97.40;97.70;97.04;;97.07
03/04/2016;97.34;97.67;98.03;97.02;;97.34
03/03/2016;97.59;98.20;98.35;97.46;;97.59
03/02/2016;98.21;98.26;98.58;98.12;;98.21
03/01/2016;98.35;98.18;98.57;98.09;;98.35
02/29/2016;98.21;98.17;98.37;97.80;;98.21
02/26/2016;98.15;97.40;98.26;97.10;;98.15
02/25/2016;97.29;97.49;97.72;97.22;;97.29
02/24/2016;97.46;97.47;97.92;97.23;;97.46
02/23/2016;97.48;97.36;97.58;97.14;;97.48
02/22/2016;97.38;96.78;97.60;96.73;;97.38
02/19/2016;96.60;96.87;97.17;96.56;;96.60
02/18/2016;96.95;96.89;97.09;96.69;;96.95
02/17/2016;96.79;96.94;97.10;96.63;;96.79
02/16/2016;96.87;96.58;96.99;96.38;;96.87
02/15/2016;95.98;96.08;96.88;95.94;;95.98
02/12/2016;95.94;95.50;96.22;95.46;;95.94
02/11/2016;95.56;95.89;95.90;95.24;;95.56
02/10/2016;95.89;96.06;96.72;95.76;;95.89
02/09/2016;96.07;96.73;96.83;95.66;;96.07
02/08/2016;96.57;97.06;97.48;96.54;;96.57
02/05/2016;97.03;96.56;97.27;96.32;;97.03
02/04/2016;96.47;97.29;97.47;96.26;;96.47
02/03/2016;97.29;98.83;98.94;96.89;;97.29
02/02/2016;98.87;98.99;99.09;98.75;;98.87
02/01/2016;99.01;99.55;99.63;98.93;;99.01
01/29/2016;99.61;98.65;99.83;98.58;;99.61
01/28/2016;98.51;98.88;99.11;98.42;;98.51
01/27/2016;98.90;99.02;99.16;98.71;;98.90
01/26/2016;99.36;99.30;99.45;99.00;;99.36
01/25/2016;99.36;99.52;99.55;99.23;;99.36
01/22/2016;99.57;99.18;99.59;99.11;;99.57
01/21/2016;99.06;99.19;99.80;98.91;;99.06
01/20/2016;99.09;99.02;99.19;98.63;;99.09
01/19/2016;98.99;99.12;99.31;98.86;;98.99
01/18/2016;98.96;98.80;99.20;98.80;;98.96
01/15/2016;98.96;99.10;99.12;98.38;;98.96
01/14/2016;99.09;98.82;99.26;98.59;;99.09
01/13/2016;98.93;99.03;99.33;98.86;;98.93
01/12/2016;98.97;98.80;99.28;98.57;;98.97
01/11/2016;98.72;98.41;98.89;98.25;;98.72
01/08/2016;98.54;98.30;99.18;98.27;;98.54
01/07/2016;98.22;99.21;99.30;98.17;;98.22
01/06/2016;99.18;99.39;99.58;99.11;;99.18
01/05/2016;99.40;98.87;99.63;98.75;;99.40
01/04/2016;98.87;98.59;99.18;98.05;;98.87
01/01/2016;98.63;98.69;98.69;98.63;;98.63
12/31/2015;98.63;98.22;98.78;98.18;;98.63
12/30/2015;98.27;98.21;98.41;98.11;;98.27
12/29/2015;98.10;97.90;98.41;97.80;;98.10
12/28/2015;97.92;97.95;98.03;97.81;;97.92
12/25/2015;97.98;97.87;98.02;97.83;;97.98
12/24/2015;97.98;98.33;98.38;97.86;;97.98
12/23/2015;98.34;98.21;98.60;98.19;;98.34
12/22/2015;98.23;98.46;98.51;98.00;;98.23
12/21/2015;98.36;98.68;98.84;98.29;;98.36
12/18/2015;98.70;99.02;99.18;98.64;;98.70
12/17/2015;99.27;98.56;99.29;98.53;;99.27
12/16/2015;97.87;98.19;98.60;97.66;;97.87
12/15/2015;98.22;97.64;98.29;97.19;;98.22
12/14/2015;97.60;97.61;97.93;97.28;;97.60
12/11/2015;97.56;97.98;98.09;97.33;;97.56
12/10/2015;97.94;97.41;97.99;97.36;;97.94
12/09/2015;97.34;98.45;98.52;97.22;;97.34
12/08/2015;98.47;98.73;98.76;98.33;;98.47
12/07/2015;98.66;98.38;98.90;98.30;;98.66
12/04/2015;98.35;97.83;98.61;97.75;;98.35
12/03/2015;97.62;100.01;100.47;97.59;;97.62
12/02/2015;99.99;99.83;100.51;99.80;;99.99
12/01/2015;99.80;100.23;100.26;99.72;;99.80
11/30/2015;100.17;100.08;100.31;100.05;;100.17
11/27/2015;100.02;99.86;100.20;99.66;;100.02
11/26/2015;99.80;99.74;99.91;99.71;;99.80
11/25/2015;99.80;99.56;100.17;99.31;;99.80
11/24/2015;99.53;99.68;99.78;99.47;;99.53
11/23/2015;99.80;99.66;100.00;99.53;;99.80
11/20/2015;99.56;99.09;99.65;99.00;;99.56
11/19/2015;98.99;99.41;99.48;98.73;;98.99
11/18/2015;99.65;99.65;99.85;99.31;;99.65
11/17/2015;99.63;99.40;99.75;99.36;;99.63
11/16/2015;99.44;99.00;99.46;98.87;;99.44
11/13/2015;99.00;98.57;99.21;98.53;;99.00
11/12/2015;98.65;98.82;99.29;98.43;;98.65
11/11/2015;99.01;99.10;99.24;98.78;;99.01
11/10/2015;99.29;99.01;99.50;98.94;;99.29
11/09/2015;98.98;99.27;99.27;98.82;;98.98
11/06/2015;99.17;97.95;99.34;97.89;;99.17
11/05/2015;97.94;97.94;98.14;97.75;;97.94
11/04/2015;97.95;97.20;98.05;97.17;;97.95
11/03/2015;97.16;96.90;97.48;96.77;;97.16
11/02/2015;96.93;96.69;96.97;96.64;;96.93
10/30/2015;96.95;97.19;97.35;96.58;;96.95
10/29/2015;97.28;97.61;97.69;97.19;;97.28
10/28/2015;97.78;96.95;97.82;96.47;;97.78
10/27/2015;96.91;96.80;96.97;96.58;;96.91
10/26/2015;96.86;97.15;97.15;96.68;;96.86
10/23/2015;97.13;96.40;97.20;96.15;;97.13
10/22/2015;96.38;95.04;96.54;94.94;;96.38
10/21/2015;95.03;94.85;95.08;94.72;;95.03
10/20/2015;94.91;94.93;94.95;94.59;;94.91
10/19/2015;94.93;94.67;95.00;94.55;;94.93
10/16/2015;94.54;94.47;94.77;94.37;;94.54
10/15/2015;94.37;93.95;94.59;93.81;;94.37
10/14/2015;93.93;94.76;94.76;93.84;;93.93
10/13/2015;94.76;94.90;94.98;94.54;;94.76
10/12/2015;94.84;94.86;94.90;94.62;;94.84
10/09/2015;94.81;95.23;95.34;94.69;;94.81
10/08/2015;95.32;95.57;95.61;94.98;;95.32
10/07/2015;95.50;95.47;95.70;95.33;;95.50
10/06/2015;95.45;96.05;96.16;95.40;;95.45
10/05/2015;96.11;95.84;96.17;95.45;;96.11
10/02/2015;95.83;96.14;96.38;95.22;;95.83
10/01/2015;96.19;96.27;96.49;95.97;;96.19
09/30/2015;96.35;95.91;96.41;95.85;;96.35
09/29/2015;95.86;96.02;96.24;95.71;;95.86
09/28/2015;96.03;96.29;96.50;95.90;;96.03
09/25/2015;96.27;96.24;96.70;96.12;;96.27
09/24/2015;96.69;96.23;96.69;95.46;;96.69
09/23/2015;96.07;96.31;96.55;96.02;;96.07
09/22/2015;96.28;95.92;96.40;95.76;;96.28
09/21/2015;95.89;95.36;95.98;95.04;;95.89
09/18/2015;94.86;94.57;95.38;94.06;;94.86
09/17/2015;94.55;95.31;95.39;94.36;;94.55
09/16/2015;95.42;95.57;95.84;95.16;;95.42
09/15/2015;95.61;95.30;95.68;95.12;;95.61
09/14/2015;95.25;95.20;95.45;94.91;;95.25
09/11/2015;95.19;95.47;95.69;95.11;;95.19
09/10/2015;95.46;95.91;96.19;95.40;;95.46
09/09/2015;96.01;95.84;96.41;95.85;;96.01
09/08/2015;95.98;96.15;96.24;95.73;;95.98
09/07/2015;96.23;96.15;96.42;96.04;;96.23
09/04/2015;96.23;96.37;96.58;95.97;;96.23
09/03/2015;96.41;95.95;96.62;95.79;;96.41
09/02/2015;95.83;95.41;95.98;95.41;;95.83
09/01/2015;95.45;95.93;95.93;95.19;;95.45
08/31/2015;95.82;96.19;96.25;95.62;;95.82
08/28/2015;96.11;95.76;96.32;95.38;;96.11
08/27/2015;95.61;95.19;96.03;94.98;;95.61
08/26/2015;95.10;93.96;95.44;93.72;;95.10
08/25/2015;94.53;93.38;94.69;93.49;;94.53
08/24/2015;93.33;94.86;94.96;92.62;;93.33
08/21/2015;95.01;95.81;95.82;94.80;;95.01
08/20/2015;95.98;96.45;96.58;95.71;;95.98
08/19/2015;96.36;97.00;97.08;96.34;;96.36
08/18/2015;97.04;96.84;97.07;96.68;;97.04
08/17/2015;96.81;96.56;96.94;96.51;;96.81
08/14/2015;96.52;96.37;96.67;96.09;;96.52
08/13/2015;96.44;96.34;96.81;96.12;;96.44
08/12/2015;96.26;97.18;97.33;95.93;;96.26
08/11/2015;97.29;97.19;97.59;96.88;;97.29
08/10/2015;97.16;97.54;97.92;97.04;;97.16
08/07/2015;97.56;97.79;98.33;97.51;;97.56
08/06/2015;97.83;97.88;98.16;97.63;;97.83
08/05/2015;97.96;97.92;98.22;97.64;;97.96
08/04/2015;97.93;97.48;98.00;97.21;;97.93
08/03/2015;97.49;97.22;97.58;97.16;;97.49
07/31/2015;97.34;97.47;97.60;96.31;;97.34
07/30/2015;97.56;97.13;97.77;97.17;;97.56
07/29/2015;96.98;96.64;97.25;96.50;;96.98
07/28/2015;96.77;96.58;96.97;96.47;;96.77
07/27/2015;96.50;97.20;97.29;96.29;;96.50
07/24/2015;97.24;97.19;97.62;97.12;;97.24
07/23/2015;97.11;97.45;97.51;96.89;;97.11
07/22/2015;97.60;97.34;97.79;97.11;;97.60
07/21/2015;97.33;98.02;98.15;97.14;;97.33
07/20/2015;98.03;97.93;98.15;97.73;;98.03
07/17/2015;97.86;97.66;97.98;97.42;;97.86
07/16/2015;97.67;97.13;97.76;97.17;;97.67
07/15/2015;97.17;96.66;97.31;96.53;;97.17
07/14/2015;96.64;96.81;97.05;96.27;;96.64
07/13/2015;96.86;96.09;96.86;95.63;;96.86
07/10/2015;96.03;96.38;96.39;95.45;;96.03
07/09/2015;96.61;96.23;96.75;95.97;;96.61
07/08/2015;96.29;96.68;96.88;96.12;;96.29
07/07/2015;96.86;96.28;97.23;96.31;;96.86
07/06/2015;96.30;96.42;96.62;96.02;;96.30
07/03/2015;96.11;96.09;96.22;95.87;;96.11
07/02/2015;96.11;96.32;96.42;95.87;;96.11
07/01/2015;96.31;95.58;96.35;95.47;;96.31
06/30/2015;95.48;95.04;95.68;94.85;;95.48
06/29/2015;94.79;96.11;96.37;94.68;;94.79
06/26/2015;95.47;95.17;95.67;95.08;;95.47
06/25/2015;95.19;95.28;95.51;95.09;;95.19
06/24/2015;95.26;95.37;95.54;94.93;;95.26
06/23/2015;95.43;94.29;95.64;94.30;;95.43
06/22/2015;94.33;94.00;94.45;93.81;;94.33
06/19/2015;94.08;94.03;94.50;93.90;;94.08
06/18/2015;94.04;94.22;94.23;93.56;;94.04
06/17/2015;94.30;94.95;95.18;94.11;;94.30
06/16/2015;95.00;94.83;95.23;94.56;;95.00
06/15/2015;94.81;95.16;95.39;94.73;;94.81
06/12/2015;94.97;95.09;95.68;94.69;;94.97
06/11/2015;94.98;94.70;95.59;94.71;;94.98
06/10/2015;94.65;95.14;95.23;94.32;;94.65
06/09/2015;95.17;95.26;95.58;94.84;;95.17
06/08/2015;95.30;96.47;96.55;95.05;;95.30
06/05/2015;96.31;95.76;96.91;95.36;;96.31
06/04/2015;95.46;95.42;95.62;94.65;;95.46
06/03/2015;95.47;95.94;96.51;95.21;;95.47
06/02/2015;95.83;97.43;97.53;95.67;;95.83
06/01/2015;97.39;96.90;97.68;96.93;;97.39
05/29/2015;96.91;96.89;97.19;96.75;;96.91
05/28/2015;96.97;97.26;97.63;96.86;;96.97
05/27/2015;97.37;97.22;97.78;96.89;;97.37
05/26/2015;97.30;96.39;97.36;96.45;;97.30
05/25/2015;96.01;96.23;96.47;96.17;;96.01
05/22/2015;96.11;95.40;96.27;94.82;;96.11
05/21/2015;95.25;95.59;95.65;94.97;;95.25
05/20/2015;95.45;95.31;95.84;95.26;;95.45
05/19/2015;95.27;94.12;95.47;94.09;;95.27
05/18/2015;94.22;93.23;94.27;93.27;;94.22
05/15/2015;93.14;93.41;94.03;93.14;;93.14
05/14/2015;93.46;93.64;93.76;93.13;;93.46
05/13/2015;93.62;94.55;94.59;93.46;;93.62
05/12/2015;94.53;95.06;95.16;94.24;;94.53
05/11/2015;95.01;94.79;95.26;94.80;;95.01
05/08/2015;94.79;94.64;95.06;94.32;;94.79
05/07/2015;94.64;94.11;94.83;93.89;;94.64
05/06/2015;94.09;95.18;95.22;93.88;;94.09
05/05/2015;95.08;95.44;95.95;94.88;;95.08
05/04/2015;95.48;95.25;95.64;95.04;;95.48
05/01/2015;95.30;94.83;95.40;94.50;;95.30
04/30/2015;94.60;95.20;95.45;94.40;;94.60
04/29/2015;95.21;96.12;96.18;94.68;;95.21
04/28/2015;96.09;96.79;96.93;96.01;;96.09
04/27/2015;96.77;96.95;97.28;96.47;;96.77
04/24/2015;96.92;97.33;97.56;96.75;;96.92
04/23/2015;97.28;98.05;98.42;97.14;;97.28